date,pm25,pm10,no2,o3,co,aqi,dominant_pollutant,aqi_category,aqi_color
2022-01-01,113.29,190.47,26.51,36.97,0.73,278.0,pm25,Poor,#ff0000
2022-01-02,117.77,243.12,24.7,38.02,1.19,293.0,pm25,Poor,#ff0000
2022-01-03,112.77,214.69,19.14,46.72,0.87,276.0,pm25,Poor,#ff0000
2022-01-04,44.65,120.68,11.71,54.54,0.35,115.0,pm10,Moderate,#ff7e00
2022-01-05,38.95,93.81,18.53,59.03,0.52,94.0,pm10,Satisfactory,#ffff00
2022-01-06,57.34,126.86,12.48,61.45,0.48,119.0,pm10,Moderate,#ff7e00
2022-01-07,36.7,86.24,10.85,47.34,0.37,87.0,pm10,Satisfactory,#ffff00
2022-01-08,40.29,84.75,11.1,48.53,0.43,85.0,pm10,Satisfactory,#ffff00
2022-01-09,15.09,47.75,10.24,37.74,0.34,48.0,pm10,Good,#00e400
2022-01-10,45.64,95.44,12.58,39.81,0.5,96.0,pm10,Satisfactory,#ffff00
2022-01-11,53.83,112.58,15.2,53.39,0.57,109.0,pm10,Moderate,#ff7e00
2022-01-12,85.83,150.77,18.55,45.15,0.73,186.0,pm25,Moderate,#ff7e00
2022-02-01,121.76,201.37,26.41,26.63,0.84,302.0,pm25,Very Poor,#8f3f97
2022-02-02,117.26,245.88,28.97,41.9,1.11,291.0,pm25,Poor,#ff0000
2022-02-03,99.43,190.74,20.05,57.35,0.78,232.0,pm25,Poor,#ff0000
2022-02-04,39.62,96.03,10.97,51.14,0.34,96.0,pm10,Satisfactory,#ffff00
2022-02-05,29.67,75.13,16.11,66.74,0.49,76.0,pm10,Satisfactory,#ffff00
2022-02-06,44.34,112.24,10.06,73.08,0.41,109.0,pm10,Moderate,#ff7e00
2022-02-07,35.26,68.99,10.13,44.95,0.4,70.0,pm10,Satisfactory,#ffff00
2022-02-08,38.43,87.11,11.2,42.49,0.56,87.0,pm10,Satisfactory,#ffff00
2022-02-09,11.71,49.96,10.52,40.98,0.32,50.0,pm10,Good,#00e400
2022-02-10,16.05,49.08,9.86,33.15,0.47,49.0,pm10,Good,#00e400
2022-02-11,70.62,142.1,17.16,37.75,0.47,136.0,pm25,Moderate,#ff7e00
2022-02-12,104.18,185.28,19.57,43.87,0.94,248.0,pm25,Poor,#ff0000
2022-03-01,129.84,224.62,29.13,30.98,0.9,308.0,pm25,Very Poor,#8f3f97
2022-03-02,98.18,199.7,16.25,28.62,0.71,228.0,pm25,Poor,#ff0000
2022-03-03,117.71,210.94,19.57,55.94,0.87,292.0,pm25,Poor,#ff0000
2022-03-04,37.35,95.25,10.62,52.31,0.32,95.0,pm10,Satisfactory,#ffff00
2022-03-05,23.81,69.23,15.09,66.09,0.46,70.0,pm10,Satisfactory,#ffff00
2022-03-06,52.72,112.83,11.33,73.66,0.43,109.0,pm10,Moderate,#ff7e00
2022-03-07,23.93,58.53,10.54,46.12,0.32,59.0,pm10,Satisfactory,#ffff00
2022-03-08,25.34,74.82,11.76,33.66,0.46,75.0,pm10,Satisfactory,#ffff00
2022-03-09,25.31,59.08,11.79,43.37,0.43,60.0,pm10,Satisfactory,#ffff00
2022-03-10,13.82,37.96,9.13,31.01,0.36,38.0,pm10,Good,#00e400
2022-03-11,91.69,201.76,20.47,40.84,1.33,207.0,pm25,Poor,#ff0000
2022-03-12,119.28,201.15,19.21,51.45,0.89,298.0,pm25,Poor,#ff0000
2022-04-01,170.97,258.6,27.49,39.07,0.97,340.0,pm25,Very Poor,#8f3f97
2022-04-02,39.74,85.85,8.01,30.28,0.52,86.0,pm10,Satisfactory,#ffff00
2022-04-03,125.03,247.87,24.11,46.65,0.96,305.0,pm25,Very Poor,#8f3f97
2022-04-04,38.59,108.15,11.04,47.03,0.32,106.0,pm10,Moderate,#ff7e00
2022-04-05,33.35,80.78,14.78,54.05,0.54,81.0,pm10,Satisfactory,#ffff00
2022-04-06,46.03,114.86,10.99,64.89,0.38,111.0,pm10,Moderate,#ff7e00
2022-04-07,21.9,58.35,9.03,46.88,0.29,59.0,pm10,Satisfactory,#ffff00
2022-04-08,14.81,36.85,9.98,38.49,0.37,38.0,o3,Good,#00e400
2022-04-09,42.27,82.64,11.47,49.72,0.49,83.0,pm10,Satisfactory,#ffff00
2022-04-10,6.49,27.0,8.85,30.8,0.27,31.0,o3,Good,#00e400
2022-04-11,127.4,247.05,20.05,43.66,0.99,307.0,pm25,Very Poor,#8f3f97
2022-04-12,116.12,203.31,19.64,47.22,0.82,287.0,pm25,Poor,#ff0000
2022-05-01,182.03,277.74,28.17,39.82,1.13,348.0,pm25,Very Poor,#8f3f97
2022-05-02,67.96,142.97,15.53,32.92,0.79,129.0,pm10,Moderate,#ff7e00
2022-05-03,120.75,228.24,20.33,56.84,0.69,302.0,pm25,Very Poor,#8f3f97
2022-05-04,34.57,92.95,10.5,51.3,0.31,93.0,pm10,Satisfactory,#ffff00
2022-05-05,37.29,102.7,16.07,66.78,0.52,103.0,pm10,Moderate,#ff7e00
2022-05-06,43.5,111.34,10.26,58.92,0.34,108.0,pm10,Moderate,#ff7e00
2022-05-07,19.37,55.03,9.49,45.24,0.29,56.0,pm10,Satisfactory,#ffff00
2022-05-08,19.11,45.44,9.99,40.55,0.37,45.0,pm10,Good,#00e400
2022-05-09,42.24,81.09,10.55,42.94,0.45,81.0,pm10,Satisfactory,#ffff00
2022-05-10,6.43,25.33,8.48,31.49,0.27,31.0,o3,Good,#00e400
2022-05-11,123.55,244.34,19.58,35.96,1.07,304.0,pm25,Very Poor,#8f3f97
2022-05-12,114.77,202.37,20.25,42.92,0.88,283.0,pm25,Poor,#ff0000
2022-06-01,173.53,271.97,32.97,37.63,1.21,342.0,pm25,Very Poor,#8f3f97
2022-06-02,69.14,149.89,14.75,47.0,0.67,134.0,pm10,Moderate,#ff7e00
2022-06-03,99.73,195.4,15.49,57.32,0.51,233.0,pm25,Poor,#ff0000
2022-06-04,37.85,103.45,11.87,52.29,0.34,103.0,pm10,Moderate,#ff7e00
2022-06-05,51.89,105.94,15.91,114.47,0.57,122.0,o3,Moderate,#ff7e00
2022-06-06,41.07,111.48,9.45,59.9,0.34,109.0,pm10,Moderate,#ff7e00
2022-06-07,16.76,49.48,9.52,44.22,0.27,49.0,pm10,Good,#00e400
2022-06-08,16.05,40.2,9.48,38.01,0.33,40.0,pm10,Good,#00e400
2022-06-09,33.19,65.08,10.97,45.4,0.51,66.0,pm10,Satisfactory,#ffff00
2022-06-10,6.47,25.95,8.85,30.4,0.29,30.0,o3,Good,#00e400
2022-06-11,87.59,161.31,18.53,42.93,0.64,192.0,pm25,Moderate,#ff7e00
2022-06-12,116.23,228.35,20.67,36.94,0.9,288.0,pm25,Poor,#ff0000
2022-07-01,166.24,261.09,31.47,38.3,1.13,336.0,pm25,Very Poor,#8f3f97
2022-07-02,71.48,136.53,15.31,45.97,0.72,139.0,pm25,Moderate,#ff7e00
2022-07-03,95.7,218.46,26.4,46.43,0.67,220.0,pm25,Poor,#ff0000
2022-07-04,46.64,125.35,12.21,58.88,0.38,118.0,pm10,Moderate,#ff7e00
2022-07-05,46.88,109.41,13.65,51.27,0.51,107.0,pm10,Moderate,#ff7e00
2022-07-06,41.97,106.78,10.95,69.64,0.38,105.0,pm10,Moderate,#ff7e00
2022-07-07,16.8,51.19,9.13,42.46,0.26,52.0,pm10,Satisfactory,#ffff00
2022-07-08,17.4,34.73,9.21,37.07,0.26,37.0,o3,Good,#00e400
2022-07-09,30.41,64.88,9.1,45.52,0.44,66.0,pm10,Satisfactory,#ffff00
2022-07-10,13.37,39.82,9.7,29.83,0.37,40.0,pm10,Good,#00e400
2022-07-11,98.81,195.18,19.75,48.71,0.92,230.0,pm25,Poor,#ff0000
2022-07-12,134.63,252.94,20.71,43.78,0.94,312.0,pm25,Very Poor,#8f3f97
2022-08-01,133.63,226.12,28.06,40.62,1.23,311.0,pm25,Very Poor,#8f3f97
2022-08-02,104.97,217.59,23.14,39.82,0.97,250.0,pm25,Poor,#ff0000
2022-08-03,107.84,219.1,27.0,37.18,0.77,260.0,pm25,Poor,#ff0000
2022-08-04,37.2,108.15,12.2,63.46,0.4,106.0,pm10,Moderate,#ff7e00
2022-08-05,43.97,115.84,11.02,37.99,0.5,111.0,pm10,Moderate,#ff7e00
2022-08-06,49.93,102.18,10.04,66.23,0.38,102.0,pm10,Moderate,#ff7e00
2022-08-07,17.17,45.13,9.19,41.35,0.27,45.0,pm10,Good,#00e400
2022-08-08,9.19,26.77,9.35,78.5,0.31,79.0,o3,Satisfactory,#ffff00
2022-08-09,10.05,31.16,8.37,45.5,0.4,46.0,o3,Good,#00e400
2022-08-10,16.81,50.37,11.12,31.79,0.32,51.0,pm10,Satisfactory,#ffff00
2022-08-11,95.68,166.3,18.04,45.88,0.65,220.0,pm25,Poor,#ff0000
2022-08-12,131.14,249.16,20.11,42.35,0.97,309.0,pm25,Very Poor,#8f3f97
2022-09-01,142.7,246.79,31.19,36.94,1.18,318.0,pm25,Very Poor,#8f3f97
2022-09-02,136.92,248.46,22.15,30.87,1.05,314.0,pm25,Very Poor,#8f3f97
2022-09-03,118.24,250.42,27.57,36.61,0.87,294.0,pm25,Poor,#ff0000
2022-09-04,23.99,71.43,11.54,53.07,0.37,72.0,pm10,Satisfactory,#ffff00
2022-09-05,13.83,51.98,9.57,28.52,0.43,53.0,pm10,Satisfactory,#ffff00
2022-09-06,37.16,109.41,10.98,64.47,0.36,107.0,pm10,Moderate,#ff7e00
2022-09-07,17.39,44.68,10.18,42.83,0.27,45.0,pm10,Good,#00e400
2022-09-08,9.16,37.1,7.82,37.11,0.23,37.0,pm10,Good,#00e400
2022-09-09,20.62,49.01,10.15,48.3,0.44,49.0,pm10,Good,#00e400
2022-09-10,10.17,31.6,9.91,31.42,0.26,32.0,pm10,Good,#00e400
2022-09-11,97.11,175.68,17.82,45.27,0.86,224.0,pm25,Poor,#ff0000
2022-09-12,139.42,269.62,19.22,38.76,0.95,316.0,pm25,Very Poor,#8f3f97
2022-10-01,162.2,265.33,30.68,33.88,1.28,333.0,pm25,Very Poor,#8f3f97
2022-10-02,58.97,220.32,21.08,16.96,1.14,180.0,pm10,Moderate,#ff7e00
2022-10-03,128.52,265.45,32.26,32.9,1.01,307.0,pm25,Very Poor,#8f3f97
2022-10-04,28.37,71.17,11.39,54.94,0.37,72.0,pm10,Satisfactory,#ffff00
2022-10-05,23.49,58.97,10.13,29.1,0.48,60.0,pm10,Satisfactory,#ffff00
2022-10-06,34.45,93.36,11.68,68.96,0.38,93.0,pm10,Satisfactory,#ffff00
2022-10-07,14.78,36.7,9.6,45.27,0.28,45.0,o3,Good,#00e400
2022-10-08,10.76,37.06,9.47,37.24,0.32,37.0,pm10,Good,#00e400
2022-10-09,7.97,28.86,11.35,42.6,0.3,43.0,o3,Good,#00e400
2022-10-10,8.3,34.07,9.24,29.94,0.26,34.0,pm10,Good,#00e400
2022-10-11,75.03,128.29,16.84,41.97,0.61,151.0,pm25,Moderate,#ff7e00
2022-10-12,135.72,256.13,19.76,38.6,1.01,313.0,pm25,Very Poor,#8f3f97
2022-11-01,167.31,275.25,28.9,41.93,1.03,337.0,pm25,Very Poor,#8f3f97
2022-11-02,64.41,241.08,17.41,29.98,0.97,194.0,pm10,Moderate,#ff7e00
2022-11-03,138.18,277.25,29.62,28.91,0.89,315.0,pm25,Very Poor,#8f3f97
2022-11-04,30.32,85.24,11.43,58.85,0.36,86.0,pm10,Satisfactory,#ffff00
2022-11-05,33.23,80.7,11.24,34.96,0.54,81.0,pm10,Satisfactory,#ffff00
2022-11-06,35.77,94.67,11.73,70.73,0.38,95.0,pm10,Satisfactory,#ffff00
2022-11-07,,,,,,,,Unknown,#cccccc
2022-11-08,12.45,43.88,10.51,35.27,0.36,44.0,pm10,Good,#00e400
2022-11-09,5.76,18.77,9.34,43.96,0.28,44.0,o3,Good,#00e400
2022-11-10,,,,,,,,Unknown,#cccccc
2022-11-11,98.98,179.11,20.28,48.32,0.72,231.0,pm25,Poor,#ff0000
2022-11-12,149.09,287.43,21.67,40.59,1.12,323.0,pm25,Very Poor,#8f3f97
2022-12-01,92.66,162.49,26.25,20.07,1.0,210.0,pm25,Poor,#ff0000
2022-12-02,83.56,166.92,23.81,34.68,0.78,179.0,pm25,Moderate,#ff7e00
2022-12-03,109.77,230.66,29.28,28.2,0.89,266.0,pm25,Poor,#ff0000
2022-12-04,29.12,77.95,10.52,55.33,0.38,78.0,pm10,Satisfactory,#ffff00
2022-12-05,38.96,98.85,10.91,36.15,0.42,99.0,pm10,Satisfactory,#ffff00
2022-12-06,34.88,91.76,10.21,70.45,0.35,92.0,pm10,Satisfactory,#ffff00
2022-12-07,15.33,40.73,9.66,47.67,0.28,48.0,o3,Good,#00e400
2022-12-08,28.34,75.01,13.11,36.14,0.51,76.0,pm10,Satisfactory,#ffff00
2022-12-09,6.57,17.38,9.46,43.29,0.31,43.0,o3,Good,#00e400
2022-12-10,11.41,42.86,14.7,27.68,0.61,43.0,pm10,Good,#00e400
2022-12-11,127.07,228.74,22.25,40.23,0.9,306.0,pm25,Very Poor,#8f3f97
2022-12-12,165.5,331.52,20.78,42.04,1.44,336.0,pm25,Very Poor,#8f3f97
2023-01-01,145.7682986111111,231.15875000000003,2.4002777777777777,28.91881944444445,0.923923611111111,321.0,pm25,Very Poor,#8f3f97
2023-01-02,64.6803125,127.27572916666666,26.46461805555556,64.21086805555555,0.6713541666666667,119.0,pm10,Moderate,#ff7e00
2023-01-03,55.08212121212121,123.3015909090909,22.213784722222226,28.21985507246377,0.1826041666666666,116.0,pm10,Moderate,#ff7e00
2023-01-04,18.600729166666667,43.53208333333333,15.897986111111113,36.16697916666667,0.5116319444444445,44.0,pm10,Good,#00e400
2023-01-05,27.410520833333333,39.62569444444444,10.131076388888888,28.763229166666665,0.5264583333333334,46.0,pm25,Good,#00e400
2023-01-06,38.49229166666667,81.29833333333333,13.697048611111112,80.03548611111111,0.5713541666666667,82.0,pm10,Satisfactory,#ffff00
2023-01-07,17.684479166666666,37.41111111111111,11.587604166666669,58.91829861111111,0.4689930555555555,60.0,o3,Satisfactory,#ffff00
2023-01-08,10.9353125,26.78770833333333,10.514548611111111,62.3159375,0.4336805555555555,63.0,o3,Satisfactory,#ffff00
2023-01-09,55.3055303030303,117.45314393939394,11.462763157894736,26.70217391304348,0.5556884057971014,113.0,pm10,Moderate,#ff7e00
2023-01-10,9.906944444444443,26.05305555555556,8.914722222222222,14.672314814814817,0.4181481481481481,26.0,pm10,Good,#00e400
2023-01-11,38.1390625,72.7959375,38.05854166666666,28.538125,0.6523263888888889,73.0,pm10,Satisfactory,#ffff00
2023-01-12,35.01996527777778,104.7840972222222,19.735868055555557,43.28767361111111,0.8189236111111112,104.0,pm10,Moderate,#ff7e00
2023-02-01,109.79988636363636,186.57117424242423,2.855119047619048,23.101388888888888,0.8571376811594204,266.0,pm25,Poor,#ff0000
2023-02-02,51.797291666666666,105.80447916666668,11.862951388888888,73.40479166666667,0.6703819444444444,105.0,pm10,Moderate,#ff7e00
2023-02-03,53.32365942028986,127.62471014492752,27.187430555555554,25.2521875,0.4983333333333333,119.0,pm10,Moderate,#ff7e00
2023-02-04,24.64649305555556,49.34611111111111,17.703055555555554,40.96791666666667,0.4874652777777777,49.0,pm10,Good,#00e400
2023-02-05,35.61545454545455,57.852916666666665,8.730034722222223,39.356631944444445,0.5866666666666667,60.0,pm25,Satisfactory,#ffff00
2023-02-06,39.15708333333333,78.56052083333333,13.184097222222222,77.89611111111111,0.5315625,79.0,pm10,Satisfactory,#ffff00
2023-02-07,16.582916666666666,43.53239583333334,10.134027777777778,62.9984375,0.4012152777777777,64.0,o3,Satisfactory,#ffff00
2023-02-08,6.79094696969697,14.213484848484848,10.005144927536232,52.04152173913043,0.3419927536231884,53.0,o3,Satisfactory,#ffff00
2023-02-09,44.31152173913044,78.43949275362318,14.214791666666663,18.12704861111111,0.6311458333333334,79.0,pm10,Satisfactory,#ffff00
2023-02-10,12.736666666666666,26.89927536231884,8.868229166666667,13.529239130434783,0.4161458333333334,27.0,pm10,Good,#00e400
2023-02-11,51.72772727272727,95.5135606060606,,29.680208333333336,0.7999999999999999,96.0,pm10,Satisfactory,#ffff00
2023-02-12,42.17777777777778,121.07822916666667,19.653472222222224,46.515972222222224,0.9453472222222222,115.0,pm10,Moderate,#ff7e00
2023-03-01,121.87607638888888,203.51850694444445,0.6624561403508772,17.9459375,0.9328819444444444,302.0,pm25,Very Poor,#8f3f97
2023-03-02,79.14130952380953,148.28055555555557,13.33482638888889,69.79732638888889,1.0805902777777778,164.0,pm25,Moderate,#ff7e00
2023-03-03,68.51822463768117,197.45384057971012,36.87354166666666,22.611527777777777,0.4527083333333333,165.0,pm10,Moderate,#ff7e00
2023-03-04,24.6790625,63.00177083333333,20.11621527777778,50.39600694444445,0.4997222222222222,64.0,pm10,Satisfactory,#ffff00
2023-03-05,30.91927083333333,50.13159722222222,7.099270833333333,27.577361111111117,0.5636111111111112,53.0,pm25,Satisfactory,#ffff00
2023-03-06,38.66246527777778,80.57625,13.178229166666666,79.26694444444445,0.5219791666666667,81.0,pm10,Satisfactory,#ffff00
2023-03-07,17.872291666666666,40.26545138888889,10.263576388888888,61.08555555555555,0.3965277777777778,62.0,o3,Satisfactory,#ffff00
2023-03-08,17.028472222222224,38.17104166666667,10.510486111111112,51.898784722222224,0.3983333333333334,53.0,o3,Satisfactory,#ffff00
2023-03-09,24.182256944444443,52.80291666666667,9.481597222222222,16.4725,0.5845833333333333,54.0,pm10,Satisfactory,#ffff00
2023-03-10,8.93732638888889,18.968125,8.837083333333334,12.23298611111111,0.4048958333333333,20.0,co,Good,#00e400
2023-03-11,67.06489583333334,122.47270833333332,,14.799965277777778,0.9266666666666666,124.0,pm25,Moderate,#ff7e00
2023-03-12,67.72913194444445,161.80631944444443,19.7771875,55.06902777777778,1.1094444444444445,142.0,pm10,Moderate,#ff7e00
2023-04-01,98.02673611111112,163.99211805555555,0.4171052631578947,22.22701388888889,0.7431944444444444,227.0,pm25,Poor,#ff0000
2023-04-02,99.33864583333332,222.42489583333332,22.588402777777777,67.48163194444444,1.4712500000000002,232.0,pm25,Poor,#ff0000
2023-04-03,64.10166666666667,174.9399652777778,35.285381944444445,27.671215277777776,0.5975347222222221,150.0,pm10,Moderate,#ff7e00
2023-04-04,22.81163043478261,63.970326086956526,15.468804347826088,28.332708333333333,0.4421875,65.0,pm10,Satisfactory,#ffff00
2023-04-05,24.728863636363634,41.608939393939394,8.178298611111112,19.908993055555555,0.434927536231884,42.0,pm10,Good,#00e400
2023-04-06,36.95135416666667,72.12395833333333,12.832881944444445,80.44562499999999,0.4778819444444444,81.0,o3,Satisfactory,#ffff00
2023-04-07,13.21715909090909,31.52223484848485,11.70079861111111,51.04565217391304,0.324963768115942,52.0,o3,Satisfactory,#ffff00
2023-04-08,18.961666666666662,50.70552083333334,10.889548611111111,51.27166666666667,0.4003125,52.0,pm10,Satisfactory,#ffff00
2023-04-09,13.11003623188406,32.18105072463768,6.077708333333334,16.448840579710144,0.5250347222222222,32.0,pm10,Good,#00e400
2023-04-10,10.101340579710143,23.71706521739131,10.649464285714286,13.05445652173913,0.4539855072463768,24.0,pm10,Good,#00e400
2023-04-11,45.17670289855072,84.42170289855073,,18.62438405797101,0.6641319444444445,85.0,pm10,Satisfactory,#ffff00
2023-04-12,57.17378472222222,144.20729166666666,19.82732638888889,36.67041666666667,1.2123958333333331,130.0,pm10,Moderate,#ff7e00
2023-05-01,111.44888888888887,195.2107142857143,1.250719696969697,20.275625,0.8267013888888889,272.0,pm25,Poor,#ff0000
2023-05-02,78.57590277777778,167.59381944444445,22.05909722222222,69.08034722222222,0.995173611111111,162.0,pm25,Moderate,#ff7e00
2023-05-03,60.91302083333333,157.72711805555556,32.85239583333333,24.33982638888889,0.4393402777777777,139.0,pm10,Moderate,#ff7e00
2023-05-04,26.633229166666663,74.06145833333333,18.41375,31.48770833333333,0.6413194444444444,75.0,pm10,Satisfactory,#ffff00
2023-05-05,24.329756944444444,41.60944444444444,9.617881944444443,35.37065972222222,0.465,42.0,pm10,Good,#00e400
2023-05-06,41.354642857142856,71.7475,13.185833333333331,66.91072463768116,0.5072569444444445,72.0,pm10,Satisfactory,#ffff00
2023-05-07,6.391006944444444,22.105763888888887,9.531215277777775,43.56809027777778,0.3561111111111111,44.0,o3,Good,#00e400
2023-05-08,19.9815625,50.91322916666667,10.600451388888889,44.989375,0.409861111111111,52.0,pm10,Satisfactory,#ffff00
2023-05-09,12.753263888888888,19.487256944444443,5.735539215686274,20.80149305555556,0.4323611111111111,22.0,co,Good,#00e400
2023-05-10,26.233090277777777,64.58899305555555,11.016488095238094,12.08232638888889,0.6224305555555555,65.0,pm10,Satisfactory,#ffff00
2023-05-11,60.636944444444445,112.55354166666666,,15.488541666666668,0.8132638888888889,109.0,pm10,Moderate,#ff7e00
2023-05-12,44.72989583333333,109.95378472222222,19.86357638888889,25.85881944444445,0.8834722222222222,108.0,pm10,Moderate,#ff7e00
2023-06-01,104.7290625,188.37277777777777,1.8807916666666664,22.14125,0.6718402777777778,250.0,pm25,Poor,#ff0000
2023-06-02,86.49045454545454,201.74719696969697,28.904722222222222,64.56388888888888,1.2251736111111111,188.0,pm25,Moderate,#ff7e00
2023-06-03,57.45305555555556,150.34135416666666,31.92211805555556,27.086875000000003,0.4345138888888888,134.0,pm10,Moderate,#ff7e00
2023-06-04,49.879705882352944,123.15804347826086,24.94288194444444,47.63920138888889,0.6879166666666667,116.0,pm10,Moderate,#ff7e00
2023-06-05,45.25767361111111,61.43732638888889,25.32532608695652,49.4284375,0.5287499999999999,76.0,pm25,Satisfactory,#ffff00
2023-06-06,40.28541666666667,81.49249999999999,13.3196875,72.47590277777778,0.5324305555555556,82.0,pm10,Satisfactory,#ffff00
2023-06-07,5.692673611111111,23.123194444444447,9.808958333333331,48.90065972222222,0.3911458333333333,49.0,o3,Good,#00e400
2023-06-08,20.08368055555556,46.87625,11.253298611111113,44.279270833333335,0.4177083333333333,47.0,pm10,Good,#00e400
2023-06-09,7.082222222222222,17.755277777777778,1.5360526315789476,16.11764492753623,0.3746875,19.0,co,Good,#00e400
2023-06-10,27.773369565217397,68.33057971014492,11.116736111111113,12.814965277777778,0.635,69.0,pm10,Satisfactory,#ffff00
2023-06-11,43.90694444444444,102.32659722222222,,17.084756944444447,0.7033333333333333,103.0,pm10,Moderate,#ff7e00
2023-06-12,30.769340277777776,91.61194444444445,19.813715277777774,29.9421875,0.7825000000000001,92.0,pm10,Satisfactory,#ffff00
2023-07-01,130.05777777777777,224.54003472222223,0.8653260869565217,24.24375,0.862361111111111,309.0,pm25,Very Poor,#8f3f97
2023-07-02,63.9371875,138.7178125,31.24486111111111,46.646557971014495,0.8854861111111111,127.0,pm10,Moderate,#ff7e00
2023-07-03,54.372326388888894,120.55104166666666,26.575,23.131805555555555,0.5317708333333333,115.0,pm10,Moderate,#ff7e00
2023-07-04,107.3025,114.37996376811594,19.9759375,47.238576388888895,0.6187152777777778,258.0,pm25,Poor,#ff0000
2023-07-05,40.61364583333333,60.08118055555556,11.333402777777778,63.855,0.5200694444444444,68.0,pm25,Satisfactory,#ffff00
2023-07-06,40.88806818181818,79.33789855072463,13.690144927536233,70.11475694444444,0.588125,80.0,pm10,Satisfactory,#ffff00
2023-07-07,9.34034090909091,31.702045454545456,9.679772727272727,84.37454545454545,0.3676388888888889,85.0,o3,Satisfactory,#ffff00
2023-07-08,18.589166666666667,44.86958333333333,10.1275,46.41861111111111,0.5284027777777778,46.0,o3,Good,#00e400
2023-07-09,5.115763888888888,13.9625,2.059094202898551,16.054930555555554,0.4062083333333333,20.0,co,Good,#00e400
2023-07-10,32.31472222222222,81.18454861111111,11.239097222222222,15.28625,0.6156944444444444,82.0,pm10,Satisfactory,#ffff00
2023-07-11,62.75125,145.5954166666667,,16.177777777777777,0.8728472222222222,131.0,pm10,Moderate,#ff7e00
2023-07-12,15.948611111111113,40.41961805555555,19.6603125,26.062604166666663,0.7108680555555557,40.0,pm10,Good,#00e400
2023-08-01,136.34121527777776,228.6420486111111,0.9523913043478262,29.18111111111111,0.8934027777777778,313.0,pm25,Very Poor,#8f3f97
2023-08-02,47.369062500000005,97.2179861111111,27.639756944444446,24.795868055555555,0.7372569444444445,97.0,pm10,Satisfactory,#ffff00
2023-08-03,52.69059027777778,125.25538194444444,22.68482638888889,29.436631944444443,0.5259027777777777,118.0,pm10,Moderate,#ff7e00
2023-08-04,76.07898809523809,136.88246527777778,16.163368055555555,48.82361111111111,0.5739930555555556,154.0,pm25,Moderate,#ff7e00
2023-08-05,46.99386363636364,72.21484848484849,8.976893939393939,60.90159722222222,0.5430902777777779,79.0,pm25,Satisfactory,#ffff00
2023-08-06,36.66,71.95555555555556,12.991423611111111,62.83697916666667,0.5077083333333333,73.0,pm10,Satisfactory,#ffff00
2023-08-07,11.2321875,36.40552083333333,9.66357638888889,83.0826388888889,0.3580208333333333,83.0,o3,Satisfactory,#ffff00
2023-08-08,26.868697916666665,58.704166666666666,9.873958333333334,45.0896875,0.5266666666666666,60.0,pm10,Satisfactory,#ffff00
2023-08-09,12.147681159420287,28.58478260869565,9.505104166666667,16.73434027777778,0.4155555555555555,29.0,pm10,Good,#00e400
2023-08-10,34.032777777777774,91.91791666666668,11.181458333333332,13.461770833333333,0.6704861111111112,92.0,pm10,Satisfactory,#ffff00
2023-08-11,82.79271739130435,157.95884057971014,8.974305555555555,38.141354166666666,0.9508680555555556,176.0,pm25,Moderate,#ff7e00
2023-08-12,17.863368055555554,53.24847222222223,19.790104166666666,19.981041666666663,0.8714236111111111,54.0,pm10,Satisfactory,#ffff00
2023-09-01,124.85319444444444,212.0607986111111,1.7334523809523812,23.479756944444446,0.9744097222222222,305.0,pm25,Very Poor,#8f3f97
2023-09-02,64.19871527777778,139.60975694444446,28.660486111111112,26.587604166666665,0.8608680555555556,127.0,pm10,Moderate,#ff7e00
2023-09-03,53.32981884057971,138.31253623188405,30.30364583333333,25.40149305555556,0.5667708333333333,126.0,pm10,Moderate,#ff7e00
2023-09-04,26.9603125,131.74510416666666,22.57715277777778,48.55465277777778,0.715,122.0,pm10,Moderate,#ff7e00
2023-09-05,57.05336805555555,80.64687500000001,13.060434782608697,52.70482638888888,0.5853819444444445,95.0,pm25,Satisfactory,#ffff00
2023-09-06,24.96239583333333,50.725208333333335,12.589305555555557,72.89013888888888,0.4803819444444444,73.0,o3,Satisfactory,#ffff00
2023-09-07,18.373229166666665,54.06354166666667,11.046180555555557,51.06590277777778,0.3973263888888889,55.0,pm10,Satisfactory,#ffff00
2023-09-08,40.37951388888889,104.26375,10.90826388888889,67.55951388888889,0.6639102564102564,104.0,pm10,Moderate,#ff7e00
2023-09-09,11.606909722222222,33.82826388888889,16.565277777777776,14.066875,0.3939583333333333,34.0,pm10,Good,#00e400
2023-09-10,45.57142361111111,107.44739583333336,11.363437500000002,16.615590277777777,0.7620833333333333,106.0,pm10,Moderate,#ff7e00
2023-09-11,109.59079545454546,163.48060606060605,11.639311594202898,35.12746527777778,0.9666666666666668,266.0,pm25,Poor,#ff0000
2023-09-12,45.36020833333333,121.74684027777778,19.73371527777778,27.01659722222222,1.1893055555555556,115.0,pm10,Moderate,#ff7e00
2023-10-01,126.61958333333332,237.18215909090907,9.492936507936507,38.02368055555556,1.3760069444444445,306.0,pm25,Very Poor,#8f3f97
2023-10-02,82.11666666666667,184.1619565217391,29.61895833333333,29.25565972222222,1.2302083333333331,174.0,pm25,Moderate,#ff7e00
2023-10-03,71.85524305555556,185.4586458333333,33.04486111111111,21.503715277777776,0.4697916666666666,157.0,pm10,Moderate,#ff7e00
2023-10-04,14.314429824561405,179.4368859649123,15.929965277777775,49.24274305555556,0.7330555555555556,153.0,pm10,Moderate,#ff7e00
2023-10-05,44.74201388888889,68.68020833333334,13.45673611111111,42.314375,0.4697916666666666,75.0,pm25,Satisfactory,#ffff00
2023-10-06,26.231354166666662,50.26833333333334,12.782465277777776,55.913263888888885,0.5279513888888888,57.0,o3,Satisfactory,#ffff00
2023-10-07,19.49489583333333,61.863125,10.1265625,54.77090277777777,0.3890972222222222,63.0,pm10,Satisfactory,#ffff00
2023-10-08,54.597569444444446,103.21388888888887,14.78173611111111,76.59795138888889,0.6546875,103.0,pm10,Moderate,#ff7e00
2023-10-09,14.952743055555556,40.83694444444445,16.6753125,14.470069444444444,0.4522569444444444,41.0,pm10,Good,#00e400
2023-10-10,61.032045454545454,128.21079545454543,11.162847222222224,10.970978260869565,0.7343115942028986,120.0,pm10,Moderate,#ff7e00
2023-10-11,118.13659722222222,203.8349305555556,13.87013157894737,42.19243055555555,1.1199305555555557,294.0,pm25,Poor,#ff0000
2023-10-12,64.66072916666667,173.10256944444447,19.680451388888887,35.255381944444444,1.4343055555555555,149.0,pm10,Moderate,#ff7e00
2023-11-01,139.2126893939394,240.85041666666663,1.936284722222222,78.12815972222222,1.1178472222222222,316.0,pm25,Very Poor,#8f3f97
2023-11-02,68.76666666666667,148.99368055555556,29.813680555555557,28.81579861111111,0.7949652777777777,133.0,pm10,Moderate,#ff7e00
2023-11-03,48.79663043478261,124.68072463768117,24.328611111111112,22.232971014492755,0.4928472222222222,117.0,pm10,Moderate,#ff7e00
2023-11-04,43.053333333333335,196.61458333333331,18.424166666666668,57.11958333333334,0.7023263888888889,165.0,pm10,Moderate,#ff7e00
2023-11-05,34.52916666666666,59.1240625,13.295138888888888,34.5359375,0.4373958333333332,60.0,pm10,Satisfactory,#ffff00
2023-11-06,21.98263888888889,43.86038194444444,12.488020833333332,72.65017361111111,0.4357638888888889,73.0,o3,Satisfactory,#ffff00
2023-11-07,11.375833333333333,47.311145833333335,10.217673611111111,48.56368055555556,0.3411458333333333,49.0,o3,Good,#00e400
2023-11-08,31.0721875,69.45361111111112,14.20892361111111,91.72607638888888,0.5111458333333333,92.0,o3,Satisfactory,#ffff00
2023-11-09,14.137430555555556,36.44072916666666,16.856180555555557,14.118611111111113,0.3974652777777778,36.0,pm10,Good,#00e400
2023-11-10,66.41743055555555,142.5612152777778,11.21690972222222,9.557916666666666,0.9028819444444444,129.0,pm10,Moderate,#ff7e00
2023-11-11,102.145,176.63738636363635,19.19579545454545,57.8146875,0.8549305555555556,241.0,pm25,Poor,#ff0000
2023-11-12,55.65041666666667,151.91628472222223,19.66920138888889,36.64920138888889,1.0821527777777775,135.0,pm10,Moderate,#ff7e00
2023-12-01,110.89,206.50604166666668,1.583020833333333,70.37770833333333,1.216875,270.0,pm25,Poor,#ff0000
2023-12-02,55.677638888888886,132.47458333333333,30.37111111111111,26.678993055555555,0.7644097222222221,122.0,pm10,Moderate,#ff7e00
2023-12-03,59.52788194444444,137.2226388888889,30.1696875,21.14243055555556,0.4664583333333333,126.0,pm10,Moderate,#ff7e00
2023-12-04,77.64105072463768,192.8482246376812,28.12357638888889,56.15045138888889,0.8417708333333334,162.0,pm10,Moderate,#ff7e00
2023-12-05,28.13985507246377,45.8019927536232,12.872753623188403,27.925520833333334,0.4113194444444444,47.0,pm25,Good,#00e400
2023-12-06,24.91965277777778,49.13559027777777,12.879236111111112,58.85642361111112,0.5417361111111111,60.0,o3,Satisfactory,#ffff00
2023-12-07,8.28625,42.816875,10.018159722222222,47.77329861111111,0.3669791666666666,48.0,o3,Good,#00e400
2023-12-08,26.867326388888888,61.09357638888889,11.178958333333334,43.67885416666667,0.5114930555555556,62.0,pm10,Satisfactory,#ffff00
2023-12-09,10.378263888888888,32.629201388888895,17.07701388888889,15.307638888888889,0.4403070175438596,33.0,pm10,Good,#00e400
2023-12-10,62.30072916666666,127.44902777777776,11.448611111111113,21.374375,0.8854861111111111,119.0,pm10,Moderate,#ff7e00
2023-12-11,84.32600694444444,191.75486111111115,19.495972222222225,45.09107638888889,0.7993402777777777,181.0,pm25,Moderate,#ff7e00
2023-12-12,66.29229166666667,179.16437499999998,19.674027777777777,37.99420138888889,1.278541666666667,153.0,pm10,Moderate,#ff7e00
2024-01-01,55.83,138.86,17.8,26.58,1.25,127.0,pm10,Moderate,#ff7e00
2024-01-02,58.75,110.93,17.23,2.93,0.91,108.0,pm10,Moderate,#ff7e00
2024-01-03,47.6,129.6,16.91,30.41,0.92,121.0,pm10,Moderate,#ff7e00
2024-01-04,39.72,94.71,16.44,53.51,0.76,95.0,pm10,Satisfactory,#ffff00
2024-01-05,26.8,95.62,28.51,69.91,0.64,96.0,pm10,Satisfactory,#ffff00
2024-01-06,12.12,50.46,38.86,66.68,0.46,67.0,o3,Satisfactory,#ffff00
2024-01-07,16.19,49.17,16.37,7.08,0.65,49.0,pm10,Good,#00e400
2024-01-08,15.07,33.47,32.73,31.57,0.66,41.0,no2,Good,#00e400
2024-01-09,8.22,33.08,37.01,25.23,0.33,46.0,no2,Good,#00e400
2024-01-10,38.32,81.56,18.64,24.51,0.59,82.0,pm10,Satisfactory,#ffff00
2024-01-11,59.53,136.64,14.72,185.19,1.05,244.0,o3,Poor,#ff0000
2024-01-12,29.31,86.79,19.53,29.2,0.71,87.0,pm10,Satisfactory,#ffff00
2024-02-01,68.36,137.21,17.68,27.0,0.95,129.0,pm25,Moderate,#ff7e00
2024-02-02,67.7,124.78,17.33,13.86,0.91,126.0,pm25,Moderate,#ff7e00
2024-02-03,57.75,132.67,16.98,26.38,0.98,123.0,pm10,Moderate,#ff7e00
2024-02-04,42.14,99.47,16.05,56.76,0.72,99.0,pm10,Satisfactory,#ffff00
2024-02-05,23.53,75.81,25.04,48.9,0.67,76.0,pm10,Satisfactory,#ffff00
2024-02-06,14.38,57.18,38.76,95.57,0.5,96.0,o3,Satisfactory,#ffff00
2024-02-07,13.64,36.83,16.61,5.8,0.66,37.0,pm10,Good,#00e400
2024-02-08,13.05,30.79,33.93,35.95,0.56,42.0,no2,Good,#00e400
2024-02-09,7.34,34.07,40.28,25.36,0.36,51.0,no2,Satisfactory,#ffff00
2024-02-10,35.93,81.69,19.22,17.36,0.54,82.0,pm10,Satisfactory,#ffff00
2024-02-11,109.95,267.49,23.27,85.09,1.37,267.0,pm25,Poor,#ff0000
2024-02-12,56.24,129.51,20.56,34.52,0.77,120.0,pm10,Moderate,#ff7e00
2024-03-01,72.18,131.04,17.83,31.43,1.0,141.0,pm25,Moderate,#ff7e00
2024-03-02,53.51,144.4,17.18,22.06,0.95,130.0,pm10,Moderate,#ff7e00
2024-03-03,62.6,159.24,16.96,3.23,0.87,140.0,pm10,Moderate,#ff7e00
2024-03-04,34.56,87.47,16.49,46.24,0.64,88.0,pm10,Satisfactory,#ffff00
2024-03-05,23.88,79.49,18.58,59.22,0.58,80.0,pm10,Satisfactory,#ffff00
2024-03-06,15.24,56.0,39.96,101.45,0.56,103.0,o3,Moderate,#ff7e00
2024-03-07,12.73,35.78,13.4,5.2,0.61,36.0,pm10,Good,#00e400
2024-03-08,10.79,22.78,32.75,33.26,0.51,41.0,no2,Good,#00e400
2024-03-09,13.55,40.36,50.19,29.68,0.38,63.0,no2,Satisfactory,#ffff00
2024-03-10,42.66,94.12,17.12,21.2,0.55,94.0,pm10,Satisfactory,#ffff00
2024-03-11,57.31,142.03,15.05,94.13,1.14,129.0,pm10,Moderate,#ff7e00
2024-03-12,89.11,173.34,23.47,36.61,0.91,197.0,pm25,Moderate,#ff7e00
2024-04-01,85.17,155.97,17.68,28.49,1.19,184.0,pm25,Moderate,#ff7e00
2024-04-02,60.38,147.65,17.14,24.43,0.93,132.0,pm10,Moderate,#ff7e00
2024-04-03,52.79,94.7,17.19,25.7,0.72,95.0,pm10,Satisfactory,#ffff00
2024-04-04,38.22,72.77,10.33,29.73,0.64,73.0,pm10,Satisfactory,#ffff00
2024-04-05,20.76,62.68,18.62,93.58,0.53,94.0,o3,Satisfactory,#ffff00
2024-04-06,14.04,54.74,39.98,84.03,0.56,84.0,o3,Satisfactory,#ffff00
2024-04-07,13.47,44.32,16.77,7.35,0.68,44.0,pm10,Good,#00e400
2024-04-08,12.74,31.79,31.67,24.45,0.52,40.0,no2,Good,#00e400
2024-04-09,19.85,53.44,54.29,28.31,0.46,69.0,no2,Satisfactory,#ffff00
2024-04-10,33.93,79.67,16.05,21.0,0.56,80.0,pm10,Satisfactory,#ffff00
2024-04-11,64.28,125.96,14.93,44.32,0.95,118.0,pm10,Moderate,#ff7e00
2024-04-12,119.93,220.75,24.93,43.97,1.1,300.0,pm25,Poor,#ff0000
2024-05-01,110.35,168.65,17.72,31.14,1.46,268.0,pm25,Poor,#ff0000
2024-05-02,78.14,192.12,17.15,0.85,1.14,162.0,pm10,Moderate,#ff7e00
2024-05-03,43.6,96.34,17.17,18.51,0.76,96.0,pm10,Satisfactory,#ffff00
2024-05-04,29.12,77.01,8.78,44.94,0.67,77.0,pm10,Satisfactory,#ffff00
2024-05-05,13.43,60.29,18.63,87.64,0.51,88.0,o3,Satisfactory,#ffff00
2024-05-06,17.68,62.13,40.3,76.16,0.62,77.0,o3,Satisfactory,#ffff00
2024-05-07,14.91,45.87,17.68,8.44,0.54,46.0,pm10,Good,#00e400
2024-05-08,17.67,38.88,30.27,29.83,0.56,39.0,pm10,Good,#00e400
2024-05-09,14.6,39.04,55.23,38.15,0.48,70.0,no2,Satisfactory,#ffff00
2024-05-10,19.09,56.41,15.11,19.65,0.54,57.0,pm10,Satisfactory,#ffff00
2024-05-11,54.7,111.79,15.03,45.06,0.73,109.0,pm10,Moderate,#ff7e00
2024-05-12,115.76,246.81,31.39,38.7,1.3,286.0,pm25,Poor,#ff0000
2024-06-01,93.38,156.06,17.71,30.58,1.16,212.0,pm25,Poor,#ff0000
2024-06-02,,,,,,,,Unknown,#cccccc
2024-06-03,39.66,106.17,16.84,29.21,0.8,105.0,pm10,Moderate,#ff7e00
2024-06-04,31.8,80.88,14.53,48.81,0.64,81.0,pm10,Satisfactory,#ffff00
2024-06-05,17.09,48.07,18.59,57.83,0.47,59.0,o3,Satisfactory,#ffff00
2024-06-06,32.94,77.3,32.63,72.43,0.67,78.0,pm10,Satisfactory,#ffff00
2024-06-07,14.98,44.28,21.19,6.1,0.51,44.0,pm10,Good,#00e400
2024-06-08,19.51,44.95,28.01,21.05,0.6,45.0,pm10,Good,#00e400
2024-06-09,12.32,37.22,53.83,47.42,0.57,68.0,no2,Satisfactory,#ffff00
2024-06-10,4.71,60.41,16.62,19.52,0.55,61.0,pm10,Satisfactory,#ffff00
2024-06-11,37.5,87.18,15.05,42.49,0.69,87.0,pm10,Satisfactory,#ffff00
2024-06-12,75.02,165.53,29.62,36.49,0.89,151.0,pm25,Moderate,#ff7e00
2024-07-01,74.18,157.16,17.77,31.08,1.09,148.0,pm25,Moderate,#ff7e00
2024-07-02,57.76,108.44,17.07,32.91,0.74,107.0,pm10,Moderate,#ff7e00
2024-07-03,62.97,132.44,16.73,21.05,0.93,122.0,pm10,Moderate,#ff7e00
2024-07-04,29.12,72.91,17.18,32.84,0.76,73.0,pm10,Satisfactory,#ffff00
2024-07-05,16.41,35.58,18.57,17.39,0.56,36.0,pm10,Good,#00e400
2024-07-06,33.79,73.73,14.2,35.57,0.64,74.0,pm10,Satisfactory,#ffff00
2024-07-07,8.9,25.64,27.11,5.21,0.48,34.0,no2,Good,#00e400
2024-07-08,9.98,28.16,22.83,26.48,0.48,29.0,no2,Good,#00e400
2024-07-09,18.63,39.34,54.13,123.11,0.59,135.0,o3,Moderate,#ff7e00
2024-07-10,10.31,41.75,12.69,18.29,0.42,42.0,pm10,Good,#00e400
2024-07-11,43.67,104.59,15.09,42.28,0.69,104.0,pm10,Moderate,#ff7e00
2024-07-12,58.72,150.35,30.51,47.66,0.9,134.0,pm10,Moderate,#ff7e00
2024-08-01,95.36,172.91,17.87,32.02,1.0,219.0,pm25,Poor,#ff0000
2024-08-02,53.81,115.72,16.8,35.41,0.83,111.0,pm10,Moderate,#ff7e00
2024-08-03,59.62,120.25,,19.6,0.91,114.0,pm10,Moderate,#ff7e00
2024-08-04,28.04,70.87,16.49,29.34,0.71,71.0,pm10,Satisfactory,#ffff00
2024-08-05,9.73,27.95,18.61,11.92,0.48,28.0,pm10,Good,#00e400
2024-08-06,23.08,72.67,15.83,27.72,0.59,73.0,pm10,Satisfactory,#ffff00
2024-08-07,8.48,24.94,33.19,4.55,0.48,41.0,no2,Good,#00e400
2024-08-08,10.15,29.26,22.98,24.21,0.46,29.0,pm10,Good,#00e400
2024-08-09,10.67,27.03,53.93,155.6,0.56,182.0,o3,Moderate,#ff7e00
2024-08-10,16.39,48.45,7.15,21.43,0.67,48.0,pm10,Good,#00e400
2024-08-11,42.65,71.24,14.47,35.94,0.64,72.0,pm25,Satisfactory,#ffff00
2024-08-12,63.25,169.22,34.7,52.59,0.92,147.0,pm10,Moderate,#ff7e00
2024-09-01,86.67,150.89,17.74,32.43,1.14,189.0,pm25,Moderate,#ff7e00
2024-09-02,49.62,100.65,16.89,36.77,0.75,101.0,pm10,Moderate,#ff7e00
2024-09-03,58.98,136.78,,16.28,1.05,125.0,pm10,Moderate,#ff7e00
2024-09-04,40.97,91.7,14.33,39.0,0.96,92.0,pm10,Satisfactory,#ffff00
2024-09-05,10.66,30.57,18.69,18.34,0.54,31.0,pm10,Good,#00e400
2024-09-06,22.3,59.79,18.54,23.62,0.56,61.0,pm10,Satisfactory,#ffff00
2024-09-07,12.27,32.85,36.54,4.97,0.46,46.0,no2,Good,#00e400
2024-09-08,17.53,40.46,10.35,25.31,0.48,40.0,pm10,Good,#00e400
2024-09-09,6.78,21.19,54.48,42.59,0.51,69.0,no2,Satisfactory,#ffff00
2024-09-10,18.26,37.83,7.15,17.07,0.58,38.0,pm10,Good,#00e400
2024-09-11,30.31,64.29,14.32,38.88,0.59,65.0,pm10,Satisfactory,#ffff00
2024-09-12,86.55,173.01,29.43,54.8,0.91,189.0,pm25,Moderate,#ff7e00
2024-10-01,101.1,218.16,17.73,27.98,1.84,238.0,pm25,Poor,#ff0000
2024-10-02,59.15,117.28,18.04,29.76,0.85,112.0,pm10,Moderate,#ff7e00
2024-10-03,48.92,125.88,,18.79,0.89,118.0,pm10,Moderate,#ff7e00
2024-10-04,58.35,125.23,2.99,43.15,1.05,118.0,pm10,Moderate,#ff7e00
2024-10-05,12.36,39.21,18.59,10.58,0.61,39.0,pm10,Good,#00e400
2024-10-06,22.36,59.28,10.77,44.92,0.57,60.0,pm10,Satisfactory,#ffff00
2024-10-07,13.48,36.75,42.77,6.15,0.5,54.0,no2,Satisfactory,#ffff00
2024-10-08,24.19,49.71,8.4,19.08,,50.0,pm10,Good,#00e400
2024-10-09,9.56,26.52,61.12,61.8,0.52,77.0,no2,Satisfactory,#ffff00
2024-10-10,10.79,31.82,7.19,17.16,0.56,32.0,pm10,Good,#00e400
2024-10-11,28.86,70.71,14.37,34.89,0.63,71.0,pm10,Satisfactory,#ffff00
2024-10-12,85.06,141.45,26.63,39.8,0.84,184.0,pm25,Moderate,#ff7e00
2024-11-01,81.27,171.23,17.72,32.79,1.34,171.0,pm25,Moderate,#ff7e00
2024-11-02,81.87,198.09,18.2,23.03,1.2,173.0,pm25,Moderate,#ff7e00
2024-11-03,48.82,109.69,,20.5,0.8,107.0,pm10,Moderate,#ff7e00
2024-11-04,62.18,138.56,53.88,31.48,1.32,126.0,pm10,Moderate,#ff7e00
2024-11-05,14.75,36.84,18.5,18.91,0.51,37.0,pm10,Good,#00e400
2024-11-06,15.68,42.97,11.23,38.86,0.5,43.0,pm10,Good,#00e400
2024-11-07,17.05,51.4,45.41,8.08,0.53,58.0,no2,Satisfactory,#ffff00
2024-11-08,26.86,53.75,14.77,20.52,0.62,55.0,pm10,Satisfactory,#ffff00
2024-11-09,15.73,37.5,64.21,94.08,0.61,94.0,o3,Satisfactory,#ffff00
2024-11-10,10.84,29.59,7.16,18.56,0.55,30.0,pm10,Good,#00e400
2024-11-11,33.86,77.97,16.27,33.9,0.63,78.0,pm10,Satisfactory,#ffff00
2024-11-12,68.48,152.07,29.95,33.72,0.83,135.0,pm10,Moderate,#ff7e00
2024-12-01,82.23,141.46,17.59,39.88,1.0,174.0,pm25,Moderate,#ff7e00
2024-12-02,105.14,233.18,18.04,18.64,1.59,251.0,pm25,Poor,#ff0000
2024-12-03,50.48,108.19,,27.31,0.68,106.0,pm10,Moderate,#ff7e00
2024-12-04,36.36,96.46,26.75,48.46,0.85,97.0,pm10,Satisfactory,#ffff00
2024-12-05,20.05,41.19,18.6,31.52,0.58,41.0,pm10,Good,#00e400
2024-12-06,21.5,53.26,13.52,50.54,0.52,54.0,pm10,Satisfactory,#ffff00
2024-12-07,14.59,41.22,42.57,6.98,0.61,54.0,no2,Satisfactory,#ffff00
2024-12-08,25.34,58.0,15.28,21.88,0.51,59.0,pm10,Satisfactory,#ffff00
2024-12-09,27.55,70.07,61.46,,0.7,77.0,no2,Satisfactory,#ffff00
2024-12-10,12.06,32.43,7.22,18.33,0.57,32.0,pm10,Good,#00e400
2024-12-11,42.89,94.36,18.64,36.33,0.62,94.0,pm10,Satisfactory,#ffff00
2024-12-12,62.22,148.97,27.74,47.77,0.77,133.0,pm10,Moderate,#ff7e00
